model,trial,fold,train_rows,val_rows,val_start,val_end,n_estimators,learning_rate,num_leaves,min_child_samples,subsample,colsample_bytree,reg_lambda,pinball,coverage,band_width,mae,rmse,directional_accuracy,ic_mean,ic_days,ic_positive_share,alpha
LightGBM quantile,0,1,6205.0,16491.0,2019-04-09,2020-06-03,400.0,0.03,31.0,50.0,0.8,0.8,0.0,0.03297688988844965,0.4923897883694136,0.1298717376934961,0.08967825180681054,0.12392726194445178,0.5399308713843914,0.03770068269599846,280,0.6214285714285714,
LightGBM quantile,0,2,22645.0,16520.0,2020-06-04,2021-07-14,400.0,0.03,31.0,50.0,0.8,0.8,0.0,0.034555106523243,0.6176755447941888,0.21666305706024405,0.10361407293308737,0.13753325395065288,0.43976997578692495,0.004858478750939302,280,0.49642857142857144,
LightGBM quantile,0,3,39165.0,16520.0,2021-07-15,2022-08-30,400.0,0.03,31.0,50.0,0.8,0.8,0.0,0.025240495601977008,0.6806295399515738,0.1898272698545202,0.07700157453195491,0.1012844509242213,0.5036924939467312,-0.021852300242130755,280,0.42857142857142855,
LightGBM quantile,0,4,55685.0,16794.0,2022-09-01,2023-10-17,400.0,0.03,31.0,50.0,0.8,0.8,0.0,0.017574877615769147,0.7745027986185542,0.16776237454466328,0.056711420000370424,0.07172092265273743,0.5171489817792069,-0.06551861012295426,280,0.32857142857142857,
LightGBM quantile,0,5,72448.0,16800.0,2023-10-18,2024-12-09,400.0,0.03,31.0,50.0,0.8,0.8,0.0,0.022071842144695996,0.725,0.18159538745609252,0.06777411293071964,0.08991733290218948,0.5819047619047619,-0.00020680347715635239,280,0.5142857142857142,
LightGBM quantile,1,1,6205.0,16491.0,2019-04-09,2020-06-03,200.0,0.02,31.0,50.0,1.0,0.5,10.0,0.03101369099036803,0.5894124067673276,0.159313221945029,0.08731699675949811,0.12184252868342643,0.5511491116366503,0.05100633318407598,280,0.5714285714285714,
LightGBM quantile,1,2,22645.0,16520.0,2020-06-04,2021-07-14,200.0,0.02,31.0,50.0,1.0,0.5,10.0,0.031295285638630176,0.6828692493946731,0.23066665545775059,0.09384459941672922,0.12631820016698542,0.4435230024213075,0.020203515070551896,280,0.5035714285714286,
LightGBM quantile,1,3,39165.0,16520.0,2021-07-15,2022-08-30,200.0,0.02,31.0,50.0,1.0,0.5,10.0,0.024570586843087702,0.7300242130750605,0.2066646310743013,0.07590726669702098,0.09975478481908928,0.4939467312348668,-0.028506303748851974,280,0.42142857142857143,
LightGBM quantile,1,4,55685.0,16794.0,2022-09-01,2023-10-17,200.0,0.02,31.0,50.0,1.0,0.5,10.0,0.016919565958619424,0.8477432416339169,0.18661464569438338,0.05427883891209581,0.06880403997212725,0.534119328331547,-0.044411905605963344,280,0.37142857142857144,
LightGBM quantile,1,5,72448.0,16800.0,2023-10-18,2024-12-09,200.0,0.02,31.0,50.0,1.0,0.5,10.0,0.02164556043836338,0.7604166666666666,0.19331408133279274,0.0669819295123702,0.08873694619866888,0.602202380952381,0.024165839565729166,280,0.5821428571428572,
LightGBM quantile,2,1,6205.0,16491.0,2019-04-09,2020-06-03,100.0,0.02,8.0,50.0,1.0,1.0,0.0,0.029943276359274313,0.6778242677824268,0.1935498302023218,0.08639082485803175,0.12137984282107761,0.5555151294645564,0.06520513763440924,280,0.6107142857142858,
LightGBM quantile,2,2,22645.0,16520.0,2020-06-04,2021-07-14,100.0,0.02,8.0,50.0,1.0,1.0,0.0,0.02941137955508118,0.7625302663438257,0.2713519420257746,0.08636051299378772,0.11755368055504521,0.43002421307506056,-0.03232989187116162,280,0.45357142857142857,
LightGBM quantile,2,3,39165.0,16520.0,2021-07-15,2022-08-30,100.0,0.02,8.0,50.0,1.0,1.0,0.0,0.024024344517121755,0.7726997578692494,0.2229232313093199,0.07458895113128892,0.09815975884003973,0.5212469733656174,-0.041900759318125674,280,0.375,
LightGBM quantile,2,4,55685.0,16794.0,2022-09-01,2023-10-17,100.0,0.02,8.0,50.0,1.0,1.0,0.0,0.016781826134087074,0.8818625699654639,0.19881449675352472,0.05306253485753797,0.06735906745695627,0.5514469453376206,-0.05777610382890944,280,0.375,
LightGBM quantile,2,5,72448.0,16800.0,2023-10-18,2024-12-09,100.0,0.02,8.0,50.0,1.0,1.0,0.0,0.02165250647622977,0.7825,0.20337201244049186,0.06674846160754669,0.08843935397355478,0.6304761904761905,0.03836589133918986,280,0.6464285714285715,
LightGBM quantile,3,1,6205.0,16491.0,2019-04-09,2020-06-03,100.0,0.01,31.0,1000.0,0.6,1.0,10.0,0.029934875760663823,0.7169971499605846,0.20758885972070462,0.08708413176002952,0.12254314493956645,0.5475107634467286,0.0583210413125073,280,0.6357142857142857,
LightGBM quantile,3,2,22645.0,16520.0,2020-06-04,2021-07-14,100.0,0.01,31.0,1000.0,0.6,1.0,10.0,0.028379347849054368,0.7750605326876513,0.2585606496402621,0.08417303519202753,0.11485948568739608,0.42814769975786926,-0.013281273472087539,280,0.5107142857142857,
LightGBM quantile,3,3,39165.0,16520.0,2021-07-15,2022-08-30,100.0,0.01,31.0,1000.0,0.6,1.0,10.0,0.023961307055359565,0.7954600484261501,0.23304048299020705,0.07466196523181949,0.09810362236598391,0.5314769975786925,-0.0538701495507605,280,0.37142857142857144,
LightGBM quantile,3,4,55685.0,16794.0,2022-09-01,2023-10-17,100.0,0.01,31.0,1000.0,0.6,1.0,10.0,0.0170104758617307,0.8979992854590926,0.20951839403689,0.05336731415323435,0.06750530390000754,0.5529355722281767,-0.03924138067908848,280,0.4,
LightGBM quantile,3,5,72448.0,16800.0,2023-10-18,2024-12-09,100.0,0.01,31.0,1000.0,0.6,1.0,10.0,0.021503609156071486,0.7985714285714286,0.20920748189215346,0.06665687234846676,0.08831821138836149,0.6296428571428572,0.002597187462947551,280,0.5178571428571429,
LightGBM quantile,4,1,6205.0,16491.0,2019-04-09,2020-06-03,100.0,0.01,4.0,1000.0,0.8,1.0,10.0,0.02986696112694927,0.7171790673700806,0.20759159027652418,0.08678878303665055,0.12216237048276146,0.5438724152568067,0.06934612398709145,280,0.6071428571428571,
LightGBM quantile,4,2,22645.0,16520.0,2020-06-04,2021-07-14,100.0,0.01,4.0,1000.0,0.8,1.0,10.0,0.028248226071070342,0.7760290556900726,0.2596904706087326,0.08348722082670205,0.11406975729941396,0.3941283292978208,-0.07036662736324736,280,0.45,
LightGBM quantile,4,3,39165.0,16520.0,2021-07-15,2022-08-30,100.0,0.01,4.0,1000.0,0.8,1.0,10.0,0.02381533734295262,0.7998789346246974,0.23385457048784933,0.07410740986567095,0.09744898653223147,0.5586561743341404,-0.04882533405513083,280,0.4,
LightGBM quantile,4,4,55685.0,16794.0,2022-09-01,2023-10-17,100.0,0.01,4.0,1000.0,0.8,1.0,10.0,0.016845565490234693,0.9116946528522091,0.21554471238599035,0.051853702487374975,0.06611775594267442,0.5730022627128737,-0.026787511657752474,280,0.48928571428571427,
LightGBM quantile,4,5,72448.0,16800.0,2023-10-18,2024-12-09,100.0,0.01,4.0,1000.0,0.8,1.0,10.0,0.021584165012015637,0.8000595238095238,0.20935428727568797,0.06665777277039897,0.08834087572331155,0.6340476190476191,0.08112006718697554,280,0.65,
LightGBM quantile,5,1,6205.0,16491.0,2019-04-09,2020-06-03,400.0,0.02,16.0,1000.0,0.8,0.7,1.0,0.030022409513168386,0.6864956643017404,0.1955629111710081,0.08710358832974097,0.1221760337311776,0.5555151294645564,0.04569681555838221,280,0.5214285714285715,
LightGBM quantile,5,2,22645.0,16520.0,2020-06-04,2021-07-14,400.0,0.02,16.0,1000.0,0.8,0.7,1.0,0.0320811148296486,0.696004842615012,0.2703588606743774,0.09137483918933281,0.12303068713999837,0.4486682808716707,0.024534107038490443,280,0.5357142857142857,
LightGBM quantile,5,3,39165.0,16520.0,2021-07-15,2022-08-30,400.0,0.02,16.0,1000.0,0.8,0.7,1.0,0.025077175958537142,0.723910411622276,0.21218265323549074,0.0764797117349352,0.10043737875212821,0.49667070217917675,-0.03920409952408784,280,0.37142857142857144,
LightGBM quantile,5,4,55685.0,16794.0,2022-09-01,2023-10-17,400.0,0.02,16.0,1000.0,0.8,0.7,1.0,0.017180448270577756,0.8395260211980469,0.18902625984794005,0.05500578695355673,0.06953522658681585,0.5237584851732762,-0.04355120538409001,280,0.375,
LightGBM quantile,5,5,72448.0,16800.0,2023-10-18,2024-12-09,400.0,0.02,16.0,1000.0,0.8,0.7,1.0,0.02184682395057907,0.7526190476190476,0.19427139031212448,0.06715174684620762,0.08898123075188648,0.5945833333333334,0.023321557575517012,280,0.5642857142857143,
LightGBM quantile,6,1,6205.0,16491.0,2019-04-09,2020-06-03,100.0,0.02,8.0,50.0,1.0,0.7,10.0,0.02984566806939802,0.6815232551088473,0.193962119284222,0.08633696687329764,0.12133837035376274,0.5575768601055121,0.0651276468901482,280,0.6142857142857143,
LightGBM quantile,6,2,22645.0,16520.0,2020-06-04,2021-07-14,100.0,0.02,8.0,50.0,1.0,0.7,10.0,0.02918208128565789,0.7619854721549637,0.26529850408034855,0.08630258966428472,0.11754604709993921,0.4231840193704601,-0.0195262023123702,280,0.5,
LightGBM quantile,6,3,39165.0,16520.0,2021-07-15,2022-08-30,100.0,0.02,8.0,50.0,1.0,0.7,10.0,0.024075712183919695,0.7716707021791768,0.22284267592188747,0.07484971203478237,0.09841339143951591,0.513317191283293,-0.041101695846169115,280,0.35714285714285715,
LightGBM quantile,6,4,55685.0,16794.0,2022-09-01,2023-10-17,100.0,0.02,8.0,50.0,1.0,0.7,10.0,0.016765370173541103,0.8867452661664881,0.20050374578730418,0.05285566771320674,0.06711616677612002,0.5574609979754674,-0.05360566171686305,280,0.37142857142857144,
LightGBM quantile,6,5,72448.0,16800.0,2023-10-18,2024-12-09,100.0,0.02,8.0,50.0,1.0,0.7,10.0,0.021552144241139656,0.7849404761904762,0.203215499133292,0.06656651283824447,0.08818903441303985,0.6324404761904762,0.06265972274706716,280,0.675,
LightGBM quantile,7,1,6205.0,16491.0,2019-04-09,2020-06-03,800.0,0.02,8.0,200.0,0.8,1.0,50.0,0.03141621514399195,0.5834697713904554,0.16259659504489443,0.08871090333589422,0.12338042300836087,0.5467224546722455,0.03855014781673446,280,0.5607142857142857,
LightGBM quantile,7,2,22645.0,16520.0,2020-06-04,2021-07-14,800.0,0.02,8.0,200.0,0.8,1.0,50.0,0.033715941029041845,0.661138014527845,0.24957408554986768,0.09931248031746034,0.13266210720717456,0.4393462469733656,0.014611129665191618,280,0.49642857142857144,
LightGBM quantile,7,3,39165.0,16520.0,2021-07-15,2022-08-30,800.0,0.02,8.0,200.0,0.8,1.0,50.0,0.02490072648947583,0.7194309927360775,0.20696169678420487,0.07605890378831766,0.10004943644100753,0.5071428571428571,-0.016324622192535696,280,0.42857142857142855,
LightGBM quantile,7,4,55685.0,16794.0,2022-09-01,2023-10-17,800.0,0.02,8.0,200.0,0.8,1.0,50.0,0.01745840049742248,0.8061212337739669,0.17760160950213547,0.056304015228211074,0.07093076173555875,0.5170298916279623,-0.054860278648831036,280,0.3678571428571429,
LightGBM quantile,7,5,72448.0,16800.0,2023-10-18,2024-12-09,800.0,0.02,8.0,200.0,0.8,1.0,50.0,0.021867760877885764,0.7468452380952381,0.19172710266159507,0.06726296655778001,0.0890938946488526,0.5942261904761905,0.021685785734132504,280,0.5535714285714286,
LightGBM quantile,8,1,6205.0,16491.0,2019-04-09,2020-06-03,400.0,0.05,16.0,50.0,0.8,1.0,0.0,0.03332328435508886,0.4845673397610818,0.12815818487033168,0.09041951769891375,0.12485167792193973,0.5416894063428537,0.03790598024758008,280,0.6392857142857142,
LightGBM quantile,8,2,22645.0,16520.0,2020-06-04,2021-07-14,400.0,0.05,16.0,50.0,0.8,1.0,0.0,0.034926574330294204,0.6014527845036319,0.21307069585413338,0.10454132955695512,0.13861904316886875,0.43553268765133174,0.00523148534691492,280,0.48928571428571427,
LightGBM quantile,8,3,39165.0,16520.0,2021-07-15,2022-08-30,400.0,0.05,16.0,50.0,0.8,1.0,0.0,0.02525430386379997,0.686319612590799,0.19351752226855926,0.07679506978539395,0.10098828554664621,0.5041162227602906,-0.004582950655422894,280,0.46785714285714286,
LightGBM quantile,8,4,55685.0,16794.0,2022-09-01,2023-10-17,400.0,0.05,16.0,50.0,0.8,1.0,0.0,0.01782204975056641,0.7564010956293914,0.16532672215060817,0.05725615546466861,0.07223703133883361,0.5163748957961176,-0.06935030872012889,280,0.32142857142857145,
LightGBM quantile,8,5,72448.0,16800.0,2023-10-18,2024-12-09,400.0,0.05,16.0,50.0,0.8,1.0,0.0,0.022111973865070148,0.7263095238095238,0.18326948661864145,0.06773626778612657,0.08988376793837384,0.58375,0.005842892867066252,280,0.525,
LightGBM quantile,9,1,6205.0,16491.0,2019-04-09,2020-06-03,200.0,0.01,16.0,500.0,0.8,0.5,50.0,0.02983025538430541,0.6952883390940513,0.19726389610471926,0.086701547541856,0.12176817094134855,0.5596992298829665,0.031118482896952005,280,0.4928571428571429,
LightGBM quantile,9,2,22645.0,16520.0,2020-06-04,2021-07-14,200.0,0.01,16.0,500.0,0.8,0.5,50.0,0.029803501616405215,0.7423728813559322,0.2691592892302141,0.08598205956360211,0.11701812383754186,0.43444309927360775,0.01920587765738615,280,0.5714285714285714,
LightGBM quantile,9,3,39165.0,16520.0,2021-07-15,2022-08-30,200.0,0.01,16.0,500.0,0.8,0.5,50.0,0.024049415631338656,0.7739709443099274,0.22364913577149528,0.07474019939095596,0.0982189475163351,0.5184019370460048,-0.043785171578859486,280,0.34285714285714286,
LightGBM quantile,9,4,55685.0,16794.0,2022-09-01,2023-10-17,200.0,0.01,16.0,500.0,0.8,0.5,50.0,0.01678820362232919,0.8893057044182446,0.20266154727131802,0.0528441577554105,0.0670559842284266,0.5547814695724663,-0.03990537533003832,280,0.4107142857142857,
LightGBM quantile,9,5,72448.0,16800.0,2023-10-18,2024-12-09,200.0,0.01,16.0,500.0,0.8,0.5,50.0,0.02145808540954366,0.784345238095238,0.20313203023383317,0.06653716997196701,0.08809382579083039,0.6251190476190476,0.04553427539395865,280,0.6714285714285714,
LightGBM quantile,10,1,6205.0,16491.0,2019-04-09,2020-06-03,800.0,0.01,4.0,1000.0,0.6,1.0,10.0,0.0302275458930208,0.6900733733551634,0.19838021462448682,0.08775285104733947,0.12337522079004673,0.5429628282093263,0.055807789071726586,280,0.5892857142857143,
LightGBM quantile,10,2,22645.0,16520.0,2020-06-04,2021-07-14,800.0,0.01,4.0,1000.0,0.6,1.0,10.0,0.030490302994002128,0.734140435835351,0.27480089958147214,0.08761885280663091,0.11904337717996355,0.4419491525423729,-0.015877515237538616,280,0.5428571428571428,
LightGBM quantile,10,3,39165.0,16520.0,2021-07-15,2022-08-30,800.0,0.01,4.0,1000.0,0.6,1.0,10.0,0.024625440285170736,0.7502421307506053,0.2209238561260265,0.07538269383415153,0.0990987059068771,0.499636803874092,-0.03176683501581016,280,0.3892857142857143,
LightGBM quantile,10,4,55685.0,16794.0,2022-09-01,2023-10-17,800.0,0.01,4.0,1000.0,0.6,1.0,10.0,0.01681328463024519,0.8522091223055853,0.19137987715966923,0.05318292392559861,0.06743595551158388,0.5471001548171966,-0.028371934185330627,280,0.4357142857142857,
LightGBM quantile,10,5,72448.0,16800.0,2023-10-18,2024-12-09,800.0,0.01,4.0,1000.0,0.6,1.0,10.0,0.02171266591225805,0.7690476190476191,0.2003724273975089,0.06695335653473856,0.08868501376241839,0.608452380952381,0.0449992122719977,280,0.6392857142857142,
LightGBM quantile,11,1,6205.0,16491.0,2019-04-09,2020-06-03,100.0,0.05,4.0,1000.0,0.8,0.7,50.0,0.030045088111499852,0.6931053301800982,0.19668855778846223,0.08698396240923272,0.12222435899893516,0.556182159966042,0.05244463184692104,280,0.5535714285714286,
LightGBM quantile,11,2,22645.0,16520.0,2020-06-04,2021-07-14,100.0,0.05,4.0,1000.0,0.8,0.7,50.0,0.02980159752135876,0.7578087167070218,0.28048681989937235,0.08593915435518985,0.1171176330791786,0.4327481840193705,-0.030542258609404054,280,0.475,
LightGBM quantile,11,3,39165.0,16520.0,2021-07-15,2022-08-30,100.0,0.05,4.0,1000.0,0.8,0.7,50.0,0.024415494473853893,0.7570217917675545,0.22145995925187636,0.0751072190831494,0.09871658074840542,0.4973970944309927,-0.041975398787103504,280,0.35714285714285715,
LightGBM quantile,11,4,55685.0,16794.0,2022-09-01,2023-10-17,100.0,0.05,4.0,1000.0,0.8,0.7,50.0,0.016644632949468118,0.8641181374300345,0.19248078373984415,0.05254555866903566,0.0667962897780517,0.5519233059425985,-0.02980237287477344,280,0.4642857142857143,
LightGBM quantile,11,5,72448.0,16800.0,2023-10-18,2024-12-09,100.0,0.05,4.0,1000.0,0.8,0.7,50.0,0.0216599283651296,0.77625,0.20195211160739676,0.06693964814872415,0.08867962869660177,0.6198809523809524,0.05510617050402302,280,0.6642857142857143,
LightGBM quantile,12,1,6205.0,16491.0,2019-04-09,2020-06-03,100.0,0.02,4.0,200.0,0.8,1.0,50.0,0.029781738553957285,0.6927414953611061,0.19633958747298955,0.08665377396106926,0.12195787468084869,0.5649748347583531,0.06693559176224029,280,0.5821428571428572,
LightGBM quantile,12,2,22645.0,16520.0,2020-06-04,2021-07-14,100.0,0.02,4.0,200.0,0.8,1.0,50.0,0.028972732193940653,0.7700968523002422,0.2718790033830632,0.08464870278533097,0.1156290968191495,0.41253026634382567,-0.060827443692256976,280,0.45357142857142857,
LightGBM quantile,12,3,39165.0,16520.0,2021-07-15,2022-08-30,100.0,0.02,4.0,200.0,0.8,1.0,50.0,0.023991012126875433,0.7841404358353511,0.2284460957873309,0.07438306305795957,0.09786120769303043,0.5372881355932203,-0.04668404754535208,280,0.375,
LightGBM quantile,12,4,55685.0,16794.0,2022-09-01,2023-10-17,100.0,0.02,4.0,200.0,0.8,1.0,50.0,0.01663031081955424,0.8909729665356675,0.20248410664142255,0.05186814567630331,0.06616937233932157,0.5730022627128737,-0.009140855141029584,280,0.5214285714285715,
LightGBM quantile,12,5,72448.0,16800.0,2023-10-18,2024-12-09,100.0,0.02,4.0,200.0,0.8,1.0,50.0,0.021579003898779443,0.7885714285714286,0.20467722153382964,0.06680364715193174,0.08854360516375183,0.6340476190476191,0.0627872377526715,280,0.6214285714285714,
LightGBM quantile,13,1,6205.0,16491.0,2019-04-09,2020-06-03,200.0,0.05,31.0,50.0,0.6,1.0,1.0,0.03277073189834909,0.5055484809896307,0.13542766961555872,0.0896602385775328,0.12415130344300948,0.5446000848947911,0.04092871961471958,280,0.625,
LightGBM quantile,13,2,22645.0,16520.0,2020-06-04,2021-07-14,200.0,0.05,31.0,50.0,0.6,1.0,1.0,0.03423734536965926,0.625544794188862,0.21504913591790525,0.10445249454690345,0.13809657234082007,0.43553268765133174,0.020571929531602244,280,0.5035714285714286,
LightGBM quantile,13,3,39165.0,16520.0,2021-07-15,2022-08-30,200.0,0.05,31.0,50.0,0.6,1.0,1.0,0.025181289496414672,0.6868038740920097,0.19204881480996772,0.07682623932424952,0.10092074400175291,0.502542372881356,-0.015969149202638394,280,0.41785714285714287,
LightGBM quantile,13,4,55685.0,16794.0,2022-09-01,2023-10-17,200.0,0.05,31.0,50.0,0.6,1.0,1.0,0.017719737222086782,0.7703941884006192,0.16813475260797173,0.05723917786956287,0.07223449489392497,0.5120281052756936,-0.07460976434340685,280,0.33214285714285713,
LightGBM quantile,13,5,72448.0,16800.0,2023-10-18,2024-12-09,200.0,0.05,31.0,50.0,0.6,1.0,1.0,0.022104796418251926,0.7280357142857142,0.18298747926429965,0.0679451162988726,0.09011238089780368,0.5821428571428572,-0.005431667526693926,280,0.5035714285714286,
LightGBM quantile,14,1,6205.0,16491.0,2019-04-09,2020-06-03,800.0,0.02,31.0,200.0,0.6,0.7,0.0,0.031680446045082876,0.5704323570432357,0.15603807505564007,0.08872663590781052,0.12351633922315759,0.5453883936692742,0.03422527944395123,280,0.5464285714285714,
LightGBM quantile,14,2,22645.0,16520.0,2020-06-04,2021-07-14,800.0,0.02,31.0,200.0,0.6,0.7,0.0,0.0357256477966,0.5981840193704601,0.22172834749291667,0.10517347837344648,0.13905403360202057,0.44322033898305085,0.022117391667362454,280,0.5285714285714286,
LightGBM quantile,14,3,39165.0,16520.0,2021-07-15,2022-08-30,800.0,0.02,31.0,200.0,0.6,0.7,0.0,0.025702077044007985,0.664769975786925,0.18774514959027808,0.07784336629662848,0.10206919555427711,0.49897094430992733,-0.0203266677799115,280,0.425,
LightGBM quantile,14,4,55685.0,16794.0,2022-09-01,2023-10-17,800.0,0.02,31.0,200.0,0.6,0.7,0.0,0.017950858117962726,0.752173395260212,0.16563091666017274,0.057571028508950337,0.0725862960193354,0.5215553173752531,-0.05705699585407552,280,0.35,
LightGBM quantile,14,5,72448.0,16800.0,2023-10-18,2024-12-09,800.0,0.02,31.0,200.0,0.6,0.7,0.0,0.022298401272729005,0.7113095238095238,0.17994631877963552,0.06808714173958168,0.09025162286772812,0.5846428571428571,0.01324713213988013,280,0.5428571428571428,
LightGBM quantile,15,1,6205.0,16491.0,2019-04-09,2020-06-03,400.0,0.02,4.0,50.0,0.6,0.7,1.0,0.030426111143744484,0.6499302649930265,0.18448461809036137,0.08702518669804521,0.12205627220964389,0.5504214419986659,0.07772172860946858,280,0.65,
LightGBM quantile,15,2,22645.0,16520.0,2020-06-04,2021-07-14,400.0,0.02,4.0,50.0,0.6,0.7,1.0,0.03076361918217044,0.7349273607748184,0.2740778931880754,0.08934603957869396,0.12138678026174983,0.42033898305084744,-0.02579058734020776,280,0.5178571428571429,
LightGBM quantile,15,3,39165.0,16520.0,2021-07-15,2022-08-30,400.0,0.02,4.0,50.0,0.6,0.7,1.0,0.02447065464113765,0.7515738498789346,0.21875380689612883,0.07521525749848017,0.0989559894869449,0.5027845036319613,-0.027664420172733854,280,0.4392857142857143,
LightGBM quantile,15,4,55685.0,16794.0,2022-09-01,2023-10-17,400.0,0.02,4.0,50.0,0.6,0.7,1.0,0.016749490222569247,0.84994640943194,0.1886677212977257,0.05309513558839194,0.0674093638086734,0.5440633559604621,-0.05016815329441269,280,0.3357142857142857,
LightGBM quantile,15,5,72448.0,16800.0,2023-10-18,2024-12-09,400.0,0.02,4.0,50.0,0.6,0.7,1.0,0.021671787853696018,0.7698809523809523,0.1990539308182112,0.06682373385654736,0.08850176027925266,0.6154166666666666,0.05851429746198174,280,0.6821428571428572,
LightGBM quantile,16,1,6205.0,16491.0,2019-04-09,2020-06-03,100.0,0.01,31.0,1000.0,0.6,0.7,1.0,0.029941841870606205,0.7171790673700806,0.20831427612920211,0.08708407034952789,0.12254858765232979,0.5444788066217937,0.056749136595303486,280,0.6392857142857142,
LightGBM quantile,16,2,22645.0,16520.0,2020-06-04,2021-07-14,100.0,0.01,31.0,1000.0,0.6,0.7,1.0,0.0281468837547106,0.7707627118644068,0.2533213982183214,0.08352833082672519,0.11404687865110923,0.4374697336561743,-0.0037149593960471112,280,0.5071428571428571,
LightGBM quantile,16,3,39165.0,16520.0,2021-07-15,2022-08-30,100.0,0.01,31.0,1000.0,0.6,0.7,1.0,0.02388892351610167,0.7952784503631961,0.2324359363217082,0.07441561964225644,0.0977838235877413,0.5380145278450363,-0.04573631249155742,280,0.3821428571428571,
LightGBM quantile,16,4,55685.0,16794.0,2022-09-01,2023-10-17,100.0,0.01,31.0,1000.0,0.6,0.7,1.0,0.01688683882821415,0.9025247112063832,0.21125276534691556,0.0525856214543134,0.06673000772012566,0.5646659521257592,-0.03909963016546743,280,0.40714285714285714,
LightGBM quantile,16,5,72448.0,16800.0,2023-10-18,2024-12-09,100.0,0.01,31.0,1000.0,0.6,0.7,1.0,0.02146356121694226,0.7972023809523809,0.20870651719300412,0.06652121052540172,0.08811041251714767,0.6326785714285714,0.027428452347874412,280,0.5857142857142857,
LightGBM quantile,17,1,6205.0,16491.0,2019-04-09,2020-06-03,400.0,0.01,16.0,50.0,0.8,0.5,50.0,0.030534067298434452,0.621066036019647,0.17190747224110112,0.08685109485942089,0.12150728012220198,0.5580619731975016,0.052942184121681744,280,0.5857142857142857,
LightGBM quantile,17,2,22645.0,16520.0,2020-06-04,2021-07-14,400.0,0.01,16.0,50.0,0.8,0.5,50.0,0.03079566852967079,0.7047215496368039,0.2437054252819892,0.09175226311624564,0.1238501450228844,0.43232445520581114,0.020116473240377387,280,0.5035714285714286,
LightGBM quantile,17,3,39165.0,16520.0,2021-07-15,2022-08-30,400.0,0.01,16.0,50.0,0.8,0.5,50.0,0.024422378939505756,0.7437046004842615,0.21147449993976344,0.07557160497608854,0.09935586609834358,0.49745762711864405,-0.036745637471821,280,0.38571428571428573,
LightGBM quantile,17,4,55685.0,16794.0,2022-09-01,2023-10-17,400.0,0.01,16.0,50.0,0.8,0.5,50.0,0.016858853618201233,0.8564368226747648,0.19037968234142438,0.053687523184271224,0.06801587172175219,0.5384065737763487,-0.048610461718293405,280,0.38571428571428573,
LightGBM quantile,17,5,72448.0,16800.0,2023-10-18,2024-12-09,400.0,0.01,16.0,50.0,0.8,0.5,50.0,0.021607830090450624,0.7660714285714286,0.19650239640215422,0.06676296772683019,0.08843898253772635,0.6076190476190476,0.03808299924582226,280,0.6285714285714286,
LightGBM quantile,18,1,6205.0,16491.0,2019-04-09,2020-06-03,800.0,0.05,4.0,50.0,1.0,0.5,1.0,0.03230670959859278,0.5443575283487964,0.14951721694166198,0.08875893558588556,0.12311610893474056,0.5510884725001516,0.07466312349643493,280,0.6642857142857143,
LightGBM quantile,18,2,22645.0,16520.0,2020-06-04,2021-07-14,800.0,0.05,4.0,50.0,1.0,0.5,1.0,0.03469259306993106,0.6676755447941889,0.2638230827315574,0.10344999363926326,0.1381416461538101,0.4206416464891041,-0.009275804864114542,280,0.44642857142857145,
LightGBM quantile,18,3,39165.0,16520.0,2021-07-15,2022-08-30,800.0,0.05,4.0,50.0,1.0,0.5,1.0,0.024953739422275967,0.7291162227602905,0.21157707424025946,0.07615265238624867,0.10010611538722491,0.5001210653753027,-0.0027615429573348885,280,0.4642857142857143,
LightGBM quantile,18,4,55685.0,16794.0,2022-09-01,2023-10-17,800.0,0.05,4.0,50.0,1.0,0.5,1.0,0.017234772980021948,0.8124925568655472,0.1792169980207963,0.05548487735139021,0.0700558082089146,0.5317375253066572,-0.043296140006049845,280,0.37857142857142856,
LightGBM quantile,18,5,72448.0,16800.0,2023-10-18,2024-12-09,800.0,0.05,4.0,50.0,1.0,0.5,1.0,0.02183839224139254,0.7559523809523809,0.1960895889008962,0.06708113788516121,0.08878703800900721,0.5981547619047619,0.030626761401976753,280,0.5857142857142857,
LightGBM quantile,19,1,6205.0,16491.0,2019-04-09,2020-06-03,100.0,0.02,4.0,50.0,0.8,0.5,0.0,0.029782332383346915,0.6990479655569705,0.2000616644940499,0.08658382079011454,0.12187882763422649,0.5596992298829665,0.07583643176517699,280,0.6035714285714285,
LightGBM quantile,19,2,22645.0,16520.0,2020-06-04,2021-07-14,100.0,0.02,4.0,50.0,0.8,0.5,0.0,0.028355245209615076,0.7679782082324456,0.25470708862447694,0.08420382215929036,0.11503622771763966,0.4078692493946731,-0.06112620940997796,280,0.4142857142857143,
LightGBM quantile,19,3,39165.0,16520.0,2021-07-15,2022-08-30,100.0,0.02,4.0,50.0,0.8,0.5,0.0,0.02392995189508851,0.787409200968523,0.22886496313335153,0.07425270326236771,0.09761158481337891,0.5466707021791768,-0.04381844914915797,280,0.3464285714285714,
LightGBM quantile,19,4,55685.0,16794.0,2022-09-01,2023-10-17,100.0,0.02,4.0,50.0,0.8,0.5,0.0,0.016699104397288063,0.9014528998451828,0.20707352833380074,0.0520139832640848,0.06629693679302116,0.5730618077884959,-0.029455566797877086,280,0.46785714285714286,
LightGBM quantile,19,5,72448.0,16800.0,2023-10-18,2024-12-09,100.0,0.02,4.0,50.0,0.8,0.5,0.0,0.021511855563526316,0.7905357142857142,0.2056297811568288,0.06666066945930255,0.08830625210763102,0.6340476190476191,0.07718751297605582,280,0.675,
LightGBM quantile,20,1,6205.0,16491.0,2019-04-09,2020-06-03,200.0,0.01,31.0,50.0,0.6,0.7,1.0,0.03006527117105211,0.6559941786428961,0.18181959196614597,0.08649207494610461,0.1212348536559594,0.5589715602449821,0.05013213865228435,280,0.5678571428571428,
LightGBM quantile,20,2,22645.0,16520.0,2020-06-04,2021-07-14,200.0,0.01,31.0,50.0,0.6,0.7,1.0,0.02994135365628217,0.7288740920096852,0.24140694938232907,0.09073793894050156,0.12280564668942294,0.4343825665859564,0.00540222927277281,280,0.48928571428571427,
LightGBM quantile,20,3,39165.0,16520.0,2021-07-15,2022-08-30,200.0,0.01,31.0,50.0,0.6,0.7,1.0,0.02411364039364848,0.7596852300242131,0.21601825172390626,0.07516863416961511,0.09883465739447009,0.5038135593220339,-0.04472113216999249,280,0.36428571428571427,
LightGBM quantile,20,4,55685.0,16794.0,2022-09-01,2023-10-17,200.0,0.01,31.0,50.0,0.6,0.7,1.0,0.0169160683102201,0.8759080624032393,0.19666888134923521,0.05393239657143971,0.0682889810521875,0.5368584018101703,-0.055693193374733274,280,0.3535714285714286,
LightGBM quantile,20,5,72448.0,16800.0,2023-10-18,2024-12-09,200.0,0.01,31.0,50.0,0.6,0.7,1.0,0.02154180461155908,0.7767857142857143,0.19861888579070977,0.06665927400936555,0.0883801135323985,0.6156547619047619,0.02245286389076331,280,0.5642857142857143,
LightGBM quantile,21,1,6205.0,16491.0,2019-04-09,2020-06-03,100.0,0.02,31.0,200.0,0.8,1.0,10.0,0.030137891729899013,0.6610878661087866,0.18620624052252027,0.08699317810045268,0.12219311396155746,0.5492692984051907,0.04009390687961574,280,0.4928571428571429,
LightGBM quantile,21,2,22645.0,16520.0,2020-06-04,2021-07-14,100.0,0.02,31.0,200.0,0.8,1.0,10.0,0.030739780043103463,0.7221549636803875,0.251411464854553,0.09222249169492658,0.12454260678760994,0.4423123486682809,0.00558861476906648,280,0.5178571428571429,
LightGBM quantile,21,3,39165.0,16520.0,2021-07-15,2022-08-30,100.0,0.02,31.0,200.0,0.8,1.0,10.0,0.024272471232998857,0.7535714285714286,0.21553683158624917,0.07547198205669278,0.09912575715203964,0.5046610169491526,-0.06313530782742194,280,0.3142857142857143,
LightGBM quantile,21,4,55685.0,16794.0,2022-09-01,2023-10-17,100.0,0.02,31.0,200.0,0.8,1.0,10.0,0.017119821304972985,0.8625104203882339,0.19429159394213977,0.05486865574091467,0.06941205421207754,0.5209598666190306,-0.07351830204418157,280,0.3107142857142857,
LightGBM quantile,21,5,72448.0,16800.0,2023-10-18,2024-12-09,100.0,0.02,31.0,200.0,0.8,1.0,10.0,0.02159091317028439,0.7745238095238095,0.19900017856003022,0.06675465745610427,0.08854975041142095,0.6094642857142857,0.009156109863702012,280,0.5142857142857142,
LightGBM quantile,22,1,6205.0,16491.0,2019-04-09,2020-06-03,400.0,0.01,16.0,50.0,0.6,0.7,50.0,0.0305579493279365,0.6218543447941302,0.170591624105215,0.08709062110615459,0.1218393797425015,0.5574555818325148,0.04929406805202189,280,0.5678571428571428,
LightGBM quantile,22,2,22645.0,16520.0,2020-06-04,2021-07-14,400.0,0.01,16.0,50.0,0.6,0.7,50.0,0.031154015984955374,0.7036924939467313,0.24503491315782744,0.0932475347915718,0.12561281316765643,0.4295399515738499,0.006639183434916924,280,0.4785714285714286,
LightGBM quantile,22,3,39165.0,16520.0,2021-07-15,2022-08-30,400.0,0.01,16.0,50.0,0.6,0.7,50.0,0.02449264367864766,0.738135593220339,0.21046255339482822,0.07568848017095109,0.09952709916850275,0.49697336561743344,-0.03680262169157552,280,0.39285714285714285,
LightGBM quantile,22,4,55685.0,16794.0,2022-09-01,2023-10-17,400.0,0.01,16.0,50.0,0.6,0.7,50.0,0.01700761992194547,0.8440514469453376,0.18710862125733205,0.05447438877235604,0.0689291630489312,0.5291175419792783,-0.06174885401938416,280,0.3357142857142857,
LightGBM quantile,22,5,72448.0,16800.0,2023-10-18,2024-12-09,400.0,0.01,16.0,50.0,0.6,0.7,50.0,0.02166248502032124,0.7627380952380952,0.19501825071525503,0.06680719768767289,0.0884922044119864,0.6026190476190476,0.03581947366331918,280,0.6178571428571429,
LightGBM quantile,23,1,6205.0,16491.0,2019-04-09,2020-06-03,400.0,0.01,16.0,1000.0,0.8,1.0,10.0,0.02997252147082928,0.6960160087320356,0.19773039525584168,0.08701036136959903,0.12233730480271499,0.5567279121945303,0.057158376681888855,280,0.5642857142857143,
LightGBM quantile,23,2,22645.0,16520.0,2020-06-04,2021-07-14,400.0,0.01,16.0,1000.0,0.8,1.0,10.0,0.031197129229951336,0.7202784503631962,0.28014203729040144,0.08835677192480323,0.1196991162278682,0.4560532687651332,0.02104199716122569,280,0.5428571428571428,
LightGBM quantile,23,3,39165.0,16520.0,2021-07-15,2022-08-30,400.0,0.01,16.0,1000.0,0.8,1.0,10.0,0.024747856955439216,0.7426755447941888,0.21784214897119752,0.07590498712823233,0.09973095677961567,0.5028450363196126,-0.05045983969274444,280,0.3464285714285714,
LightGBM quantile,23,4,55685.0,16794.0,2022-09-01,2023-10-17,400.0,0.01,16.0,1000.0,0.8,1.0,10.0,0.017080989543923043,0.8476241514826723,0.1915068129891,0.05443050029140255,0.06882760317377404,0.5306657139454567,-0.04227325734981119,280,0.4035714285714286,
LightGBM quantile,23,5,72448.0,16800.0,2023-10-18,2024-12-09,400.0,0.01,16.0,1000.0,0.8,1.0,10.0,0.021744717185196244,0.7654166666666666,0.19847552019132964,0.06699146041322705,0.08876346783093181,0.5992857142857143,0.015860754971619106,280,0.5285714285714286,
LightGBM quantile,24,1,6205.0,16491.0,2019-04-09,2020-06-03,200.0,0.01,4.0,500.0,1.0,1.0,50.0,0.02986980235861769,0.6936510824085865,0.1969843885353253,0.08669200577762022,0.1219037756744963,0.5618822387969196,0.058826625463447996,280,0.5785714285714286,
LightGBM quantile,24,2,22645.0,16520.0,2020-06-04,2021-07-14,200.0,0.01,4.0,500.0,1.0,1.0,50.0,0.02893856454595389,0.7704600484261501,0.2717530416548413,0.08465314121916996,0.11559383451493031,0.412590799031477,-0.059439858353449414,280,0.4392857142857143,
LightGBM quantile,24,3,39165.0,16520.0,2021-07-15,2022-08-30,200.0,0.01,4.0,500.0,1.0,1.0,50.0,0.02398664287877138,0.7843220338983051,0.22900764818812125,0.07436985573344086,0.0978830140881379,0.5377118644067796,-0.04934851145900961,280,0.3821428571428571,
LightGBM quantile,24,4,55685.0,16794.0,2022-09-01,2023-10-17,200.0,0.01,4.0,500.0,1.0,1.0,50.0,0.016635689463465688,0.8909134214600453,0.20264291008387245,0.051846737901417854,0.06615372928101046,0.5730022627128737,0.007818796955805184,280,0.5785714285714286,
LightGBM quantile,24,5,72448.0,16800.0,2023-10-18,2024-12-09,200.0,0.01,4.0,500.0,1.0,1.0,50.0,0.02159387719493856,0.789702380952381,0.20538824388287114,0.06683907318365095,0.08859637434869416,0.6340476190476191,0.06244519786751846,280,0.6535714285714286,
Naive (historical quantiles),0,1,,,,,,,,,,,,0.030100875643477673,0.7254259899339034,0.2130237248453689,0.08787952481175293,0.12321629403185687,0.5228306348917592,0.0,0,0.0,
Ridge (scaled features),0,1,,,,,,,,,,,,,,,0.08901270411143865,0.12385846414566674,0.5552725729185617,0.07221971718670017,280,0.6642857142857143,0.1
Ridge (scaled features),1,1,,,,,,,,,,,,,,,0.0890108761630071,0.12385640163240592,0.5552119337820629,0.07220420499886647,280,0.6642857142857143,1.0
Ridge (scaled features),2,1,,,,,,,,,,,,,,,0.08899265996829318,0.12383585851999032,0.5552119337820629,0.07215218643697371,280,0.6642857142857143,10.0
Ridge (scaled features),3,1,,,,,,,,,,,,,,,0.08881699708948444,0.12363837009400865,0.5548480989630707,0.07186691929086116,280,0.65,100.0
Ridge (scaled features),4,1,,,,,,,,,,,,,,,0.08758599798939523,0.12225846748781805,0.5508459159541568,0.0699063092096466,280,0.6285714285714286,1000.0
Ridge (scaled features),5,1,,,,,,,,,,,,,,,0.08612127597535285,0.1207639462961741,0.5427809107998303,0.05563132545666049,280,0.5678571428571428,10000.0
Naive (historical quantiles),0,2,,,,,,,,,,,,0.02711804833228181,0.7696731234866828,0.23526411423605745,0.08122230201431538,0.111056618962434,0.6732445520581114,0.0,0,0.0,
Ridge (scaled features),0,2,,,,,,,,,,,,,,,0.08767248760002498,0.11909032998659767,0.43523002421307505,-0.04813308841947066,280,0.425,0.1
Ridge (scaled features),1,2,,,,,,,,,,,,,,,0.08767219278481136,0.1190900211638413,0.43523002421307505,-0.04812995741838525,280,0.425,1.0
Ridge (scaled features),2,2,,,,,,,,,,,,,,,0.08766924613076554,0.11908693419400983,0.43523002421307505,-0.048085705936378065,280,0.425,10.0
Ridge (scaled features),3,2,,,,,,,,,,,,,,,0.08763995514285747,0.11905619028957305,0.4351089588377724,-0.04811451114636387,280,0.42857142857142855,100.0
Ridge (scaled features),4,2,,,,,,,,,,,,,,,0.08736129146911654,0.11876125913185911,0.4343220338983051,-0.04840235451281624,280,0.4142857142857143,1000.0
Ridge (scaled features),5,2,,,,,,,,,,,,,,,0.08557367399756276,0.11676928752211875,0.43256658595641645,-0.047072096518326806,280,0.4107142857142857,10000.0
Naive (historical quantiles),0,3,,,,,,,,,,,,0.02360717274654092,0.8239104116222761,0.24331220490505115,0.07342360206795463,0.09653268054854595,0.5586561743341404,0.0,0,0.0,
Ridge (scaled features),0,3,,,,,,,,,,,,,,,0.07486601199373756,0.09852538519755592,0.5363196125907991,-0.012613968439509063,280,0.5035714285714286,0.1
Ridge (scaled features),1,3,,,,,,,,,,,,,,,0.0748659256770663,0.09852526804708645,0.5363196125907991,-0.012610837438423648,280,0.5,1.0
Ridge (scaled features),2,3,,,,,,,,,,,,,,,0.07486506296374716,0.09852409739418697,0.5362590799031477,-0.012633380646238628,280,0.5,10.0
Ridge (scaled features),3,3,,,,,,,,,,,,,,,0.0748564822769517,0.09851247534783211,0.5364406779661017,-0.012670117725640815,280,0.5035714285714286,100.0
Ridge (scaled features),4,3,,,,,,,,,,,,,,,0.07477624066880628,0.0984040632275144,0.5384382566585957,-0.012441137179594228,280,0.5035714285714286,1000.0
Ridge (scaled features),5,3,,,,,,,,,,,,,,,0.07429306324148868,0.09775770773207403,0.5442493946731235,-0.008927736494948655,280,0.5107142857142857,10000.0
Naive (historical quantiles),0,4,,,,,,,,,,,,0.01737856228894249,0.935631773252352,0.2385953284137776,0.05183846312136447,0.0658516475509603,0.5730022627128737,0.0,0,0.0,
Ridge (scaled features),0,4,,,,,,,,,,,,,,,0.052694966351335,0.06755659549256082,0.5208407764677861,0.024384209078329094,280,0.6107142857142858,0.1
Ridge (scaled features),1,4,,,,,,,,,,,,,,,0.052694913658375836,0.06755652401621356,0.5208407764677861,0.024372697944283928,280,0.6107142857142858,1.0
Ridge (scaled features),2,4,,,,,,,,,,,,,,,0.05269438697901405,0.06755580951030024,0.5207812313921638,0.024399491101113214,280,0.6107142857142858,10.0
Ridge (scaled features),3,4,,,,,,,,,,,,,,,0.052689137461024375,0.06754869010282463,0.5208407764677861,0.024574211227256615,280,0.6071428571428571,100.0
Ridge (scaled features),4,4,,,,,,,,,,,,,,,0.052638602230086345,0.06747996156824473,0.5219125878289865,0.02557786645715764,280,0.6035714285714285,1000.0
Ridge (scaled features),5,4,,,,,,,,,,,,,,,0.05227768234665625,0.06697050344505787,0.5448969870191736,0.03319784368126341,280,0.6035714285714285,10000.0
Naive (historical quantiles),0,5,,,,,,,,,,,,0.021526421248829728,0.824047619047619,0.21957072224152102,0.06660189062651031,0.0881044602219943,0.6340476190476191,0.0,0,0.0,
Ridge (scaled features),0,5,,,,,,,,,,,,,,,0.06736630110461078,0.08861385924857133,0.6273809523809524,0.0880016274361926,280,0.6321428571428571,0.1
Ridge (scaled features),1,5,,,,,,,,,,,,,,,0.06736627683157327,0.08861383383484828,0.6273809523809524,0.0879994442900806,280,0.6321428571428571,1.0
Ridge (scaled features),2,5,,,,,,,,,,,,,,,0.06736603415623778,0.08861357977518121,0.6274404761904762,0.08797662048981862,280,0.6321428571428571,10.0
Ridge (scaled features),3,5,,,,,,,,,,,,,,,0.06736361341989609,0.0886110469085977,0.6275,0.08805441987853771,280,0.6321428571428571,100.0
Ridge (scaled features),4,5,,,,,,,,,,,,,,,0.06734003923636643,0.08858646587847117,0.6276785714285714,0.08853173500575559,280,0.6285714285714286,1000.0
Ridge (scaled features),5,5,,,,,,,,,,,,,,,0.06715420680307183,0.08839668280597798,0.6311309523809524,0.09406045330052,280,0.6321428571428571,10000.0
