,f_PE,f_PB,f_ROE,f_DE,f_NPM,f_DivYld,f_RevG
ABB.NS,92.22176,15.36712,0.19131,1.547,0.21349001,0.42,0.121
APOLLOHOSP.NS,52.774338,11.627026,,85.146,0.07906,0.25,0.206
AXISBANK.NS,13.999775,1.735078,0.13352999,,0.36031,0.08,0.14
BAJAJ-AUTO.NS,22.917955,6.936347,,56.352,0.16251,1.52,0.64
BEL.NS,43.726192,11.1923685,,0.273,0.21403,0.66,0.249
BPCL.NS,7.1401844,1.2213438,,54.332,0.034679998,6.75,0.344
BRITANNIA.NS,43.896034,22.384274,,26.875,0.13376,1.89,0.082
CIPLA.NS,31.33813,3.0657852,,1.778,0.12009,0.98,0.035
COALINDIA.NS,8.085127,2.1179118,,11.629,0.18138,6.39,0.451
DABUR.NS,33.945942,5.852476,,10.907,0.14551,2.15,0.106
DEEPAKNTR.NS,27.578342,3.70167,,27.903,0.091359995,0.48,0.364
DIVISLAB.NS,84.93784,14.826394,,0.042,0.26046,0.31,0.278
DLF.NS,35.464924,3.4671872,0.10102,0.673,0.65791,1.22,-0.529
DMART.NS,76.422935,9.535944,,9.913,0.042919997,0.0,0.149
DRREDDY.NS,29.693003,2.563512,0.088369995,18.605,0.09996,0.66,-0.056
EICHERMOT.NS,32.20319,7.3960533,,2.048,0.23211999,1.18,0.315
ETERNAL.NS,678.8298,9.431257,,14.826,0.00642,0.0,1.82
GAIL.NS,11.157684,1.237191,,27.809,0.06698,3.22,0.167
GODREJPROP.NS,28.872576,2.412109,,82.119,0.30754998,0.63,0.165
HAL.NS,33.343376,7.573051,,0.16,0.27591,0.95,0.144
HCLTECH.NS,18.308962,4.3144794,0.24067,7.058,0.12966,5.06,0.03
HDFCBANK.NS,15.131147,1.757814,0.13838,,0.26787,1.85,0.166
HEROMOTOCO.NS,17.849531,4.496447,,3.57,0.10724,3.7,0.349
HINDALCO.NS,12.076381,1.4467304,,72.598,0.05549,0.55,0.321
HINDUNILVR.NS,41.356503,8.891899,,3.016,0.22644,2.36,0.05
ICICIBANK.NS,17.437952,2.5434737,0.16073999,,0.27531,0.88,0.114
INFY.NS,13.583106,4.3578343,0.32,9.541,0.16370001,5.04,0.029
IOC.NS,5.165712,0.79192334,,58.446,0.0392,2.5,0.385
ITC.NS,16.098484,4.406504,,3.293,0.25937998,6.02,-0.111
JSWENERGY.NS,42.096485,2.6661298,,229.16,0.10373,0.41,0.012
JSWSTEEL.NS,11.595461,2.8669426,,95.374,0.13065,0.58,0.098
JUBLFOOD.NS,76.63083,12.269023,,205.318,0.04415,0.26,0.137
KOTAKBANK.NS,21.32353,2.387473,,,0.28467,0.15,0.21
LT.NS,30.07134,4.5629163,,97.64,0.05588,1.03,0.081
M&M.NS,16.748035,3.302662,,125.278,0.08609,1.18,0.275
MARUTI.NS,24.628208,3.2943428,,0.096,0.07269,1.22,0.359
NESTLEIND.NS,66.71725,49.321316,,8.621,0.15623,0.91,0.252
NTPC.NS,10.817326,1.4786769,,128.345,0.14531,3.9,0.078
OBEROIRLTY.NS,23.002352,3.37458,,15.765,0.41592997,0.46,0.317
ONGC.NS,6.3526015,0.74382406,,42.548,0.06181,6.54,0.257
PHOENIXLTD.NS,49.337044,5.763617,,37.211,0.28164,0.14,0.128
PIDILITIND.NS,56.200924,13.718747,,3.776,0.17202,0.77,0.213
PIIND.NS,27.343748,2.8367643,,3.048,0.17879999,0.68,-0.104
POWERGRID.NS,14.307017,2.2642086,,150.813,0.33797002,3.56,0.027
PRESTIGE.NS,53.345936,3.7348,0.07752,105.493,0.08725,0.14,0.159
RELIANCE.NS,21.33285,1.7633543,,46.278,0.066149995,0.5,0.297
SBIN.NS,10.0750265,1.3951162,0.15177,,0.22376,1.82,0.103
SIEMENS.NS,89.21304,9.363469,,2.213,0.19017,0.47,0.148
SRF.NS,34.07651,5.2459373,,36.195,0.12715,0.41,0.318
SUNPHARMA.NS,34.916668,5.052469,,5.517,0.20188999,0.9,0.105
TATAPOWER.NS,27.808617,2.7168677,,168.051,0.060890004,0.72,0.056
TATASTEEL.NS,19.430508,2.1011217,,89.017,0.04602,2.28,0.143
TCS.NS,15.080633,6.8511686,0.47743,10.211,0.18052,3.12,0.139
TECHM.NS,25.86791,4.4741755,,7.269,0.086780004,3.42,0.177
TITAN.NS,67.19328,24.64693,,195.001,0.062319998,0.34,0.293
TORNTPOWER.NS,26.341356,3.2085505,,70.885,0.079629995,1.62,0.028
TRENT.NS,84.796585,21.9585,,36.034,0.08637,0.14,0.178
UPL.NS,19.935764,1.1704152,,57.128,0.03825,1.21,0.105
VEDL.NS,10.647876,1.9904685,,48.044,0.23205,10.33,-0.373
WIPRO.NS,12.579825,2.0222166,0.16128999,27.398,0.13919,5.01,0.106
